"number","severity","package","ecosystem","manifest","relationship","scope","summary","cve","ghsa","opened","url"
234,"medium","js-yaml","npm","package-lock.json","transitive","development","JS-YAML: Quadratic-complexity DoS in merge key handling via repeated aliases","CVE-2026-53550","GHSA-h67p-54hq-rp68","2026-06-30T15:34:43Z","https://github.com/bcgov/bcgov-wordpress-block-theme/security/dependabot/234"
233,"medium","js-yaml","npm","package-lock.json","transitive","development","JS-YAML: Quadratic-complexity DoS in merge key handling via repeated aliases","CVE-2026-53550","GHSA-h67p-54hq-rp68","2026-06-30T15:34:43Z","https://github.com/bcgov/bcgov-wordpress-block-theme/security/dependabot/233"
232,"medium","js-yaml","npm","documentation/package-lock.json","transitive","development","JS-YAML: Quadratic-complexity DoS in merge key handling via repeated aliases","CVE-2026-53550","GHSA-h67p-54hq-rp68","2026-06-30T15:34:33Z","https://github.com/bcgov/bcgov-wordpress-block-theme/security/dependabot/232"
229,"medium","http-proxy-middleware","npm","package-lock.json","transitive","runtime","http-proxy-middleware `router` host+path substring matching allows Host-header-driven backend routing bypass","CVE-2026-55602","GHSA-64mm-vxmg-q3vj","2026-06-23T09:02:10Z","https://github.com/bcgov/bcgov-wordpress-block-theme/security/dependabot/229"
228,"low","undici","npm","documentation/package-lock.json","transitive","development","undici vulnerable to Set-Cookie SameSite attribute downgrade via permissive substring matching","CVE-2026-11525","GHSA-g8m3-5g58-fq7m","2026-06-19T20:27:06Z","https://github.com/bcgov/bcgov-wordpress-block-theme/security/dependabot/228"
227,"medium","undici","npm","documentation/package-lock.json","transitive","development","undici vulnerable to HTTP header injection via Set-Cookie percent-decoding","CVE-2026-9679","GHSA-p88m-4jfj-68fv","2026-06-19T20:27:06Z","https://github.com/bcgov/bcgov-wordpress-block-theme/security/dependabot/227"
225,"low","undici","npm","documentation/package-lock.json","transitive","development","undici vulnerable to HTTP response queue poisoning via keep-alive socket reuse","CVE-2026-6733","GHSA-35p6-xmwp-9g52","2026-06-19T20:27:05Z","https://github.com/bcgov/bcgov-wordpress-block-theme/security/dependabot/225"
223,"medium","webpack-dev-server","npm","package-lock.json","direct","runtime","webpack-dev-server vulnerable to HMR WebSocket interception via permissive user proxies","CVE-2026-9595","GHSA-mx8g-39q3-5c79","2026-06-19T07:37:11Z","https://github.com/bcgov/bcgov-wordpress-block-theme/security/dependabot/223"
222,"high","form-data","npm","package-lock.json","transitive","development","form-data: CRLF injection in form-data via unescaped multipart field names and filenames","CVE-2026-12143","GHSA-hmw2-7cc7-3qxx","2026-06-19T07:37:11Z","https://github.com/bcgov/bcgov-wordpress-block-theme/security/dependabot/222"
221,"medium","launch-editor","npm","package-lock.json","transitive","runtime","launch-editor: NTLMv2 hash disclosure via UNC path handling on Windows","CVE-2026-53632","GHSA-v6wh-96g9-6wx3","2026-06-19T07:37:11Z","https://github.com/bcgov/bcgov-wordpress-block-theme/security/dependabot/221"
220,"low","@babel/core","npm","package-lock.json","transitive","development","@babel/core: Arbitrary File Read via sourceMappingURL Comment","CVE-2026-49356","GHSA-4x5r-pxfx-6jf8","2026-06-19T07:37:11Z","https://github.com/bcgov/bcgov-wordpress-block-theme/security/dependabot/220"
219,"high","ws","npm","package-lock.json","transitive","runtime","ws: Memory exhaustion DoS from tiny fragments and data chunks","CVE-2026-48779","GHSA-96hv-2xvq-fx4p","2026-06-19T07:37:10Z","https://github.com/bcgov/bcgov-wordpress-block-theme/security/dependabot/219"
218,"high","ws","npm","package-lock.json","transitive","development","ws: Memory exhaustion DoS from tiny fragments and data chunks","CVE-2026-48779","GHSA-96hv-2xvq-fx4p","2026-06-19T07:37:10Z","https://github.com/bcgov/bcgov-wordpress-block-theme/security/dependabot/218"
217,"medium","undici","npm","documentation/package-lock.json","transitive","development","undici vulnerable to cross-user information disclosure via shared cache whitespace bypass","CVE-2026-9678","GHSA-pr7r-676h-xcf6","2026-06-19T07:37:06Z","https://github.com/bcgov/bcgov-wordpress-block-theme/security/dependabot/217"
216,"medium","vite","npm","documentation/package-lock.json","transitive","development","launch-editor: NTLMv2 hash disclosure via UNC path handling on Windows","CVE-2026-53632","GHSA-v6wh-96g9-6wx3","2026-06-17T07:30:58Z","https://github.com/bcgov/bcgov-wordpress-block-theme/security/dependabot/216"
215,"high","vite","npm","documentation/package-lock.json","transitive","development","vite: `server.fs.deny` bypass on Windows alternate paths","CVE-2026-53571","GHSA-fx2h-pf6j-xcff","2026-06-17T07:27:58Z","https://github.com/bcgov/bcgov-wordpress-block-theme/security/dependabot/215"
213,"medium","markdown-it","npm","documentation/package-lock.json","transitive","development","markdown-it: Quadratic complexity DoS in smartquotes rule via replaceAt string operations","CVE-2026-48988","GHSA-6v5v-wf23-fmfq","2026-06-16T23:15:45Z","https://github.com/bcgov/bcgov-wordpress-block-theme/security/dependabot/213"
210,"medium","markdown-it","npm","package-lock.json","transitive","development","markdown-it: Quadratic complexity DoS in smartquotes rule via replaceAt string operations","CVE-2026-48988","GHSA-6v5v-wf23-fmfq","2026-06-16T13:21:53Z","https://github.com/bcgov/bcgov-wordpress-block-theme/security/dependabot/210"
206,"critical","shell-quote","npm","package-lock.json","transitive","runtime","shell-quote quote() does not escape newlines in object .op values","CVE-2026-9277","GHSA-w7jw-789q-3m8p","2026-06-09T18:03:01Z","https://github.com/bcgov/bcgov-wordpress-block-theme/security/dependabot/206"
204,"high","axios","npm","package-lock.json","transitive","development","Axios: Proxy-Authorization Credential Leak to Origin Server Across HTTP-to-HTTPS Redirect in Axios Node.js HTTP Adapter","CVE-2026-44487","GHSA-p92q-9vqr-4j8v","2026-06-06T05:00:53Z","https://github.com/bcgov/bcgov-wordpress-block-theme/security/dependabot/204"
203,"high","axios","npm","package-lock.json","transitive","development","Axios: Proxy-Authorization header leaks to redirect target when proxy is re-evaluated to direct connection","CVE-2026-44486","GHSA-j5f8-grm9-p9fc","2026-06-06T05:00:52Z","https://github.com/bcgov/bcgov-wordpress-block-theme/security/dependabot/203"
201,"high","axios","npm","package-lock.json","transitive","development","axios Vulnerable to Credential Theft and Response Hijacking via Prototype Pollution Gadget in Config Merge","CVE-2026-44495","GHSA-3g43-6gmg-66jw","2026-05-29T21:56:16Z","https://github.com/bcgov/bcgov-wordpress-block-theme/security/dependabot/201"
200,"high","axios","npm","package-lock.json","transitive","development","axios Vulnerable to Full Man-in-the-Middle via Prototype Pollution Gadget in `config.proxy`","CVE-2026-44494","GHSA-35jp-ww65-95wh","2026-05-29T21:56:15Z","https://github.com/bcgov/bcgov-wordpress-block-theme/security/dependabot/200"
198,"medium","axios","npm","package-lock.json","transitive","development","axios has DoS & Header Injection via Prototype Pollution Read-Side Gadgets in axios merge functions","CVE-2026-44490","GHSA-898c-q2cr-xwhg","2026-05-29T21:56:15Z","https://github.com/bcgov/bcgov-wordpress-block-theme/security/dependabot/198"
197,"medium","qs","npm","package-lock.json","transitive","runtime","qs has a remotely triggerable DoS: qs.stringify crashes with TypeError on null/undefined entries in comma-format arrays when encodeValuesOnly is set","CVE-2026-8723","GHSA-q8mj-m7cp-5q26","2026-05-22T18:58:00Z","https://github.com/bcgov/bcgov-wordpress-block-theme/security/dependabot/197"
196,"medium","serialize-javascript","npm","package-lock.json","transitive","development","Serialize JavaScript has CPU Exhaustion Denial of Service via crafted array-like objects","CVE-2026-34043","GHSA-qj8w-gfj5-8c6v","2026-05-22T07:30:30Z","https://github.com/bcgov/bcgov-wordpress-block-theme/security/dependabot/196"
195,"low","@tootallnate/once","npm","package-lock.json","transitive","development","@tootallnate/once vulnerable to Incorrect Control Flow Scoping","CVE-2026-3449","GHSA-vpq2-c234-7xj6","2026-05-22T05:47:42Z","https://github.com/bcgov/bcgov-wordpress-block-theme/security/dependabot/195"
194,"medium","uuid","npm","package-lock.json","transitive","runtime","uuid: Missing buffer bounds check in v3/v5/v6 when buf is provided","CVE-2026-41907","GHSA-w5hq-g745-h8pq","2026-05-21T23:03:41Z","https://github.com/bcgov/bcgov-wordpress-block-theme/security/dependabot/194"
193,"medium","ws","npm","package-lock.json","transitive","runtime","ws: Uninitialized memory disclosure","CVE-2026-45736","GHSA-58qx-3vcg-4xpx","2026-05-20T11:52:38Z","https://github.com/bcgov/bcgov-wordpress-block-theme/security/dependabot/193"
192,"high","composer/composer","composer","composer.lock","unknown","development","Github Actions issued GITHUB_TOKEN disclosure in GitHub Actions logs","CVE-2026-45793","GHSA-f9f8-rm49-7jv2","2026-05-19T16:30:13Z","https://github.com/bcgov/bcgov-wordpress-block-theme/security/dependabot/192"
191,"medium","webpack-dev-server","npm","package-lock.json","direct","runtime","webpack-dev-server vulnerable to cross-origin source code exposure on non-HTTPS origins","CVE-2026-6402","GHSA-79cf-xcqc-c78w","2026-05-18T22:18:54Z","https://github.com/bcgov/bcgov-wordpress-block-theme/security/dependabot/191"
190,"high","@babel/plugin-transform-modules-systemjs","npm","package-lock.json","transitive","development","@babel/plugin-transform-modules-systemjs generates arbitrary code when compiling malicious input","CVE-2026-44728","GHSA-fv7c-fp4j-7gwp","2026-05-09T17:18:06Z","https://github.com/bcgov/bcgov-wordpress-block-theme/security/dependabot/190"
189,"high","fast-uri","npm","package-lock.json","transitive","runtime","fast-uri vulnerable to host confusion via percent-encoded authority delimiters","CVE-2026-6322","GHSA-v39h-62p7-jpjc","2026-05-09T02:01:53Z","https://github.com/bcgov/bcgov-wordpress-block-theme/security/dependabot/189"
188,"high","fast-uri","npm","package-lock.json","transitive","runtime","fast-uri vulnerable to path traversal via percent-encoded dot segments","CVE-2026-6321","GHSA-q3j6-qgpj-74h6","2026-05-08T23:40:27Z","https://github.com/bcgov/bcgov-wordpress-block-theme/security/dependabot/188"
185,"medium","axios","npm","package-lock.json","transitive","development","Axios: XSRF Token Cross-Origin Leakage via Prototype Pollution Gadget in `withXSRFToken` Boolean Coercion","CVE-2026-42042","GHSA-xx6v-rp6x-q39c","2026-05-08T01:02:51Z","https://github.com/bcgov/bcgov-wordpress-block-theme/security/dependabot/185"
184,"medium","axios","npm","package-lock.json","transitive","development","Axios: Authentication Bypass via Prototype Pollution Gadget in `validateStatus` Merge Strategy","CVE-2026-42041","GHSA-w9j2-pvgh-6h63","2026-05-08T01:02:51Z","https://github.com/bcgov/bcgov-wordpress-block-theme/security/dependabot/184"
183,"high","axios","npm","package-lock.json","transitive","development","Axios: Incomplete Fix for CVE-2025-62718 — NO_PROXY Protection Bypassed via RFC 1122 Loopback Subnet (127.0.0.0/8) in Axios 1.15.0","CVE-2026-42043","GHSA-pmwg-cvhr-8vh7","2026-05-08T01:02:50Z","https://github.com/bcgov/bcgov-wordpress-block-theme/security/dependabot/183"
182,"high","axios","npm","package-lock.json","transitive","development","Axios has prototype pollution read-side gadgets in HTTP adapter that allow credential injection and request hijacking","CVE-2026-42264","GHSA-q8qp-cvcw-x6jj","2026-05-08T01:02:49Z","https://github.com/bcgov/bcgov-wordpress-block-theme/security/dependabot/182"
181,"medium","postcss","npm","package-lock.json","transitive","development","PostCSS has XSS via Unescaped </style> in its CSS Stringify Output","CVE-2026-41305","GHSA-qx2v-qp2m-jg93","2026-05-08T01:02:48Z","https://github.com/bcgov/bcgov-wordpress-block-theme/security/dependabot/181"
177,"high","node-forge","npm","package-lock.json","transitive","runtime","Forge has a basicConstraints bypass in its certificate chain verification (RFC 5280 violation)","CVE-2026-33896","GHSA-2328-f5f3-gj25","2026-05-08T01:02:38Z","https://github.com/bcgov/bcgov-wordpress-block-theme/security/dependabot/177"
176,"high","node-forge","npm","package-lock.json","transitive","runtime","Forge has signature forgery in Ed25519 due to missing S > L check","CVE-2026-33895","GHSA-q67f-28xg-22rw","2026-05-08T01:02:37Z","https://github.com/bcgov/bcgov-wordpress-block-theme/security/dependabot/176"
175,"high","node-forge","npm","package-lock.json","transitive","runtime","Forge has signature forgery in RSA-PKCS due to ASN.1 extra field  ","CVE-2026-33894","GHSA-ppp5-5v6c-4jwp","2026-05-08T01:02:36Z","https://github.com/bcgov/bcgov-wordpress-block-theme/security/dependabot/175"
174,"high","node-forge","npm","package-lock.json","transitive","runtime","Forge has Denial of Service via Infinite Loop in BigInteger.modInverse() with Zero Input","CVE-2026-33891","GHSA-5m6q-g25r-mvwx","2026-05-08T01:02:36Z","https://github.com/bcgov/bcgov-wordpress-block-theme/security/dependabot/174"
172,"medium","postcss","npm","documentation/package-lock.json","transitive","development","PostCSS has XSS via Unescaped </style> in its CSS Stringify Output","CVE-2026-41305","GHSA-qx2v-qp2m-jg93","2026-05-08T01:02:22Z","https://github.com/bcgov/bcgov-wordpress-block-theme/security/dependabot/172"
170,"medium","axios","npm","package-lock.json","transitive","development","Axios: CRLF Injection in multipart/form-data body via unsanitized blob.type in formDataToStream","CVE-2026-42037","GHSA-445q-vr5w-6q77","2026-05-08T00:39:19Z","https://github.com/bcgov/bcgov-wordpress-block-theme/security/dependabot/170"
169,"medium","axios","npm","package-lock.json","transitive","development","Axios: no_proxy bypass via IP alias allows SSRF","CVE-2026-42038","GHSA-m7pr-hjqh-92cm","2026-05-08T00:30:19Z","https://github.com/bcgov/bcgov-wordpress-block-theme/security/dependabot/169"
168,"medium","axios","npm","package-lock.json","transitive","development","Axios: Invisible JSON Response Tampering via Prototype Pollution Gadget in `parseReviver`","CVE-2026-42044","GHSA-3w6x-2g7m-8v23","2026-05-08T00:23:47Z","https://github.com/bcgov/bcgov-wordpress-block-theme/security/dependabot/168"
167,"high","axios","npm","package-lock.json","transitive","development","Axios: Prototype Pollution Gadgets - Response Tampering, Data Exfiltration, and Request Hijacking","CVE-2026-42033","GHSA-pf86-5x62-jrwf","2026-05-08T00:23:38Z","https://github.com/bcgov/bcgov-wordpress-block-theme/security/dependabot/167"
166,"high","axios","npm","package-lock.json","transitive","development","Axios: Header Injection via Prototype Pollution","CVE-2026-42035","GHSA-6chq-wfr3-2hj9","2026-05-08T00:23:19Z","https://github.com/bcgov/bcgov-wordpress-block-theme/security/dependabot/166"
165,"low","axios","npm","package-lock.json","transitive","development","Axios: Null Byte Injection via Reverse-Encoding in AxiosURLSearchParams","CVE-2026-42040","GHSA-xhjh-pmcv-23jw","2026-05-08T00:23:19Z","https://github.com/bcgov/bcgov-wordpress-block-theme/security/dependabot/165"
163,"medium","ip-address","npm","package-lock.json","transitive","development","ip-address has XSS in Address6 HTML-emitting methods","CVE-2026-42338","GHSA-v2v4-37r5-5v8g","2026-05-07T00:00:46Z","https://github.com/bcgov/bcgov-wordpress-block-theme/security/dependabot/163"
160,"medium","axios","npm","package-lock.json","transitive","development","Axios has a NO_PROXY Hostname Normalization Bypass that Leads to SSRF","CVE-2025-62718","GHSA-3p68-rc4w-qgx5","2026-04-17T07:17:45Z","https://github.com/bcgov/bcgov-wordpress-block-theme/security/dependabot/160"
158,"medium","axios","npm","package-lock.json","transitive","development","Axios has Unrestricted Cloud Metadata Exfiltration via Header Injection Chain","CVE-2026-40175","GHSA-fvcv-3m26-pcqx","2026-04-16T01:26:14Z","https://github.com/bcgov/bcgov-wordpress-block-theme/security/dependabot/158"
157,"medium","follow-redirects","npm","package-lock.json","transitive","runtime","follow-redirects leaks Custom Authentication Headers to Cross-Domain Redirect Targets","","GHSA-r4q5-vmmm-2653","2026-04-15T19:04:11Z","https://github.com/bcgov/bcgov-wordpress-block-theme/security/dependabot/157"
156,"high","composer/composer","composer","composer.lock","unknown","development","Composer has a command injection via malicious perforce repository","CVE-2026-40176","GHSA-wg36-wvj6-r67p","2026-04-14T20:11:37Z","https://github.com/bcgov/bcgov-wordpress-block-theme/security/dependabot/156"
155,"high","composer/composer","composer","composer.lock","unknown","development","Composer has a command injection via malicious perforce reference","CVE-2026-40261","GHSA-gqw4-4w2p-838q","2026-04-14T20:09:52Z","https://github.com/bcgov/bcgov-wordpress-block-theme/security/dependabot/155"
152,"high","basic-ftp","npm","package-lock.json","transitive","development","basic-ftp: Incomplete CRLF Injection Protection Allows Arbitrary FTP Command Execution via Credentials and MKD Commands","","GHSA-6v7q-wjvx-w8wg","2026-04-10T20:21:36Z","https://github.com/bcgov/bcgov-wordpress-block-theme/security/dependabot/152"
151,"medium","vite","npm","documentation/package-lock.json","transitive","development","Vite Vulnerable to Path Traversal in Optimized Deps `.map` Handling","CVE-2026-39365","GHSA-4w7w-66w2-5vf9","2026-04-06T20:29:36Z","https://github.com/bcgov/bcgov-wordpress-block-theme/security/dependabot/151"
150,"high","vite","npm","documentation/package-lock.json","transitive","development","Vite Vulnerable to Arbitrary File Read via Vite Dev Server WebSocket","CVE-2026-39363","GHSA-p9ff-h696-f583","2026-04-06T20:29:17Z","https://github.com/bcgov/bcgov-wordpress-block-theme/security/dependabot/150"
149,"high","vite","npm","documentation/package-lock.json","transitive","development","Vite: `server.fs.deny` bypassed with queries","CVE-2026-39364","GHSA-v2wj-q39q-566r","2026-04-06T19:45:12Z","https://github.com/bcgov/bcgov-wordpress-block-theme/security/dependabot/149"
147,"high","lodash","npm","package-lock.json","direct","development","lodash vulnerable to Code Injection via `_.template` imports key names","CVE-2026-4800","GHSA-r5fr-rjxr-66jc","2026-04-04T21:44:15Z","https://github.com/bcgov/bcgov-wordpress-block-theme/security/dependabot/147"
145,"medium","lodash","npm","package-lock.json","direct","development","lodash vulnerable to Prototype Pollution via array path bypass in `_.unset` and `_.omit`","CVE-2026-2950","GHSA-f23m-r3pf-42rh","2026-04-04T12:17:54Z","https://github.com/bcgov/bcgov-wordpress-block-theme/security/dependabot/145"
144,"high","lodash-es","npm","package-lock.json","transitive","development","lodash vulnerable to Code Injection via `_.template` imports key names","CVE-2026-4800","GHSA-r5fr-rjxr-66jc","2026-04-02T01:57:15Z","https://github.com/bcgov/bcgov-wordpress-block-theme/security/dependabot/144"
143,"medium","lodash-es","npm","package-lock.json","transitive","development","lodash vulnerable to Prototype Pollution via array path bypass in `_.unset` and `_.omit`","CVE-2026-2950","GHSA-f23m-r3pf-42rh","2026-04-02T01:57:15Z","https://github.com/bcgov/bcgov-wordpress-block-theme/security/dependabot/143"
142,"high","path-to-regexp","npm","package-lock.json","transitive","runtime","path-to-regexp vulnerable to Regular Expression Denial of Service via multiple route parameters","CVE-2026-4867","GHSA-37ch-88jc-xwx2","2026-03-30T11:34:01Z","https://github.com/bcgov/bcgov-wordpress-block-theme/security/dependabot/142"
141,"medium","picomatch","npm","documentation/package-lock.json","transitive","development","Picomatch: Method Injection in POSIX Character Classes causes incorrect Glob Matching","CVE-2026-33672","GHSA-3v7f-55p6-f55p","2026-03-26T07:14:24Z","https://github.com/bcgov/bcgov-wordpress-block-theme/security/dependabot/141"
139,"medium","picomatch","npm","documentation/package-lock.json","transitive","development","Picomatch: Method Injection in POSIX Character Classes causes incorrect Glob Matching","CVE-2026-33672","GHSA-3v7f-55p6-f55p","2026-03-26T02:20:39Z","https://github.com/bcgov/bcgov-wordpress-block-theme/security/dependabot/139"
138,"medium","picomatch","npm","package-lock.json","transitive","runtime","Picomatch: Method Injection in POSIX Character Classes causes incorrect Glob Matching","CVE-2026-33672","GHSA-3v7f-55p6-f55p","2026-03-26T02:20:38Z","https://github.com/bcgov/bcgov-wordpress-block-theme/security/dependabot/138"
136,"high","picomatch","npm","package-lock.json","transitive","runtime","Picomatch has a ReDoS vulnerability via extglob quantifiers","CVE-2026-33671","GHSA-c2c7-rcm5-vvqj","2026-03-26T02:20:37Z","https://github.com/bcgov/bcgov-wordpress-block-theme/security/dependabot/136"
134,"high","flatted","npm","package-lock.json","transitive","development","Prototype Pollution via parse() in NodeJS flatted","CVE-2026-33228","GHSA-rf6f-7fwh-wjgh","2026-03-21T10:43:13Z","https://github.com/bcgov/bcgov-wordpress-block-theme/security/dependabot/134"
130,"medium","undici","npm","documentation/package-lock.json","transitive","development","Undici has CRLF Injection in undici via `upgrade` option","CVE-2026-1527","GHSA-4992-7rv2-5pvq","2026-03-13T23:42:39Z","https://github.com/bcgov/bcgov-wordpress-block-theme/security/dependabot/130"
129,"medium","undici","npm","documentation/package-lock.json","transitive","development","Undici has an HTTP Request/Response Smuggling issue","CVE-2026-1525","GHSA-2mjp-6q6p-2qxm","2026-03-13T22:15:27Z","https://github.com/bcgov/bcgov-wordpress-block-theme/security/dependabot/129"
128,"high","undici","npm","documentation/package-lock.json","transitive","development","Undici: Malicious WebSocket 64-bit length overflows parser and crashes the client","CVE-2026-1528","GHSA-f269-vfmq-vjvj","2026-03-13T22:15:26Z","https://github.com/bcgov/bcgov-wordpress-block-theme/security/dependabot/128"
126,"high","serialize-javascript","npm","package-lock.json","transitive","development","Serialize JavaScript is Vulnerable to RCE via RegExp.flags and Date.prototype.toISOString()","","GHSA-5c6j-r48x-rmvq","2026-03-06T16:13:15Z","https://github.com/bcgov/bcgov-wordpress-block-theme/security/dependabot/126"
125,"high","svgo","npm","package-lock.json","transitive","development","SVGO DoS through entity expansion in DOCTYPE (Billion Laughs)","CVE-2026-29074","GHSA-xpqw-6gx7-v673","2026-03-05T00:20:40Z","https://github.com/bcgov/bcgov-wordpress-block-theme/security/dependabot/125"
124,"high","immutable","npm","package-lock.json","transitive","development","Immutable is vulnerable to Prototype Pollution","CVE-2026-29063","GHSA-wf6x-7x77-mvgw","2026-03-04T22:56:42Z","https://github.com/bcgov/bcgov-wordpress-block-theme/security/dependabot/124"
123,"high","immutable","npm","documentation/package-lock.json","transitive","development","Immutable is vulnerable to Prototype Pollution","CVE-2026-29063","GHSA-wf6x-7x77-mvgw","2026-03-04T22:56:42Z","https://github.com/bcgov/bcgov-wordpress-block-theme/security/dependabot/123"
122,"high","rollup","npm","documentation/package-lock.json","transitive","development","Rollup 4 has Arbitrary File Write via Path Traversal","CVE-2026-27606","GHSA-mw96-cpmx-2vgc","2026-02-28T18:57:17Z","https://github.com/bcgov/bcgov-wordpress-block-theme/security/dependabot/122"
121,"high","minimatch","npm","package-lock.json","transitive","development","minimatch has ReDoS: matchOne() combinatorial backtracking via multiple non-adjacent GLOBSTAR segments","CVE-2026-27903","GHSA-7r86-cg39-jmmj","2026-02-28T18:00:05Z","https://github.com/bcgov/bcgov-wordpress-block-theme/security/dependabot/121"
118,"high","minimatch","npm","package-lock.json","transitive","development","minimatch has ReDoS: matchOne() combinatorial backtracking via multiple non-adjacent GLOBSTAR segments","CVE-2026-27903","GHSA-7r86-cg39-jmmj","2026-02-28T12:01:30Z","https://github.com/bcgov/bcgov-wordpress-block-theme/security/dependabot/118"
117,"critical","basic-ftp","npm","package-lock.json","transitive","development","Basic FTP has Path Traversal Vulnerability in its downloadToDir() method","CVE-2026-27699","GHSA-5rq4-664w-9x2c","2026-02-25T22:37:40Z","https://github.com/bcgov/bcgov-wordpress-block-theme/security/dependabot/117"
114,"high","axios","npm","package-lock.json","transitive","development","Axios is Vulnerable to Denial of Service via __proto__ Key in mergeConfig","CVE-2026-25639","GHSA-43fc-jf86-j433","2026-02-22T15:25:08Z","https://github.com/bcgov/bcgov-wordpress-block-theme/security/dependabot/114"
113,"medium","ajv","npm","package-lock.json","transitive","runtime","ajv has ReDoS when using `$data` option","CVE-2025-69873","GHSA-2g4f-4pwh-qvx6","2026-02-22T13:50:11Z","https://github.com/bcgov/bcgov-wordpress-block-theme/security/dependabot/113"
109,"low","qs","npm","package-lock.json","transitive","runtime","qs's arrayLimit bypass in comma parsing allows denial of service","CVE-2026-2391","GHSA-w7fw-mjwx-w883","2026-02-14T04:00:35Z","https://github.com/bcgov/bcgov-wordpress-block-theme/security/dependabot/109"
106,"low","webpack","npm","package-lock.json","transitive","development","webpack buildHttp HttpUriPlugin allowedUris bypass via HTTP redirects → SSRF + cache persistence","CVE-2025-68157","GHSA-38r7-794h-5758","2026-02-07T17:02:49Z","https://github.com/bcgov/bcgov-wordpress-block-theme/security/dependabot/106"
105,"low","webpack","npm","package-lock.json","transitive","development","webpack buildHttp: allowedUris allow-list bypass via URL userinfo (@) leading to build-time SSRF behavior","CVE-2025-68458","GHSA-8fgc-7cc6-rx7x","2026-02-07T16:59:06Z","https://github.com/bcgov/bcgov-wordpress-block-theme/security/dependabot/105"
104,"medium","symfony/process","composer","composer.lock","unknown","development","Symfony's incorrect argument escaping under MSYS2/Git Bash can lead to destructive file operations on Windows","CVE-2026-24739","GHSA-r39x-jcww-82v6","2026-01-28T23:29:53Z","https://github.com/bcgov/bcgov-wordpress-block-theme/security/dependabot/104"
103,"high","phpunit/phpunit","composer","composer.lock","unknown","development","PHPUnit Vulnerable to Unsafe Deserialization in PHPT Code Coverage Handling","CVE-2026-24765","GHSA-vvj3-c3rp-c85p","2026-01-28T01:13:09Z","https://github.com/bcgov/bcgov-wordpress-block-theme/security/dependabot/103"
101,"medium","lodash","npm","package-lock.json","direct","development","Lodash has Prototype Pollution Vulnerability in `_.unset` and `_.omit` functions","CVE-2025-13465","GHSA-xxjr-mmjv-4gpg","2026-01-22T03:01:27Z","https://github.com/bcgov/bcgov-wordpress-block-theme/security/dependabot/101"
100,"medium","lodash-es","npm","package-lock.json","transitive","development","Lodash has Prototype Pollution Vulnerability in `_.unset` and `_.omit` functions","CVE-2025-13465","GHSA-xxjr-mmjv-4gpg","2026-01-21T23:20:16Z","https://github.com/bcgov/bcgov-wordpress-block-theme/security/dependabot/100"
98,"medium","qs","npm","package-lock.json","transitive","runtime","qs's arrayLimit bypass in its bracket notation allows DoS via memory exhaustion","CVE-2025-15284","GHSA-6rw7-vpxm-498p","2026-01-01T13:46:05Z","https://github.com/bcgov/bcgov-wordpress-block-theme/security/dependabot/98"
97,"low","composer/composer","composer","composer.lock","unknown","development","Composer is vulnerable to ANSI sequence injection","CVE-2025-67746","GHSA-59pp-r3rg-353g","2025-12-30T17:49:09Z","https://github.com/bcgov/bcgov-wordpress-block-theme/security/dependabot/97"
96,"medium","mdast-util-to-hast","npm","documentation/package-lock.json","transitive","development","mdast-util-to-hast has unsanitized class attribute","CVE-2025-66400","GHSA-4fh9-h7wg-q85m","2025-12-02T02:47:40Z","https://github.com/bcgov/bcgov-wordpress-block-theme/security/dependabot/96"
95,"medium","node-forge","npm","package-lock.json","transitive","runtime","node-forge is vulnerable to ASN.1 OID Integer Truncation","CVE-2025-66030","GHSA-65ch-62r8-g69g","2025-11-26T22:51:24Z","https://github.com/bcgov/bcgov-wordpress-block-theme/security/dependabot/95"
94,"high","node-forge","npm","package-lock.json","transitive","runtime","node-forge has ASN.1 Unbounded Recursion","CVE-2025-66031","GHSA-554w-wpv2-vw27","2025-11-26T22:51:24Z","https://github.com/bcgov/bcgov-wordpress-block-theme/security/dependabot/94"
93,"high","node-forge","npm","package-lock.json","transitive","runtime","node-forge has an Interpretation Conflict vulnerability via its ASN.1 Validator Desynchronization","CVE-2025-12816","GHSA-5gfm-wpxj-wjgq","2025-11-26T22:51:23Z","https://github.com/bcgov/bcgov-wordpress-block-theme/security/dependabot/93"
92,"medium","js-yaml","npm","documentation/package-lock.json","transitive","development","js-yaml has prototype pollution in merge (<<)","CVE-2025-64718","GHSA-mh29-5h37-fv8m","2025-11-17T17:30:33Z","https://github.com/bcgov/bcgov-wordpress-block-theme/security/dependabot/92"
91,"medium","js-yaml","npm","package-lock.json","transitive","development","js-yaml has prototype pollution in merge (<<)","CVE-2025-64718","GHSA-mh29-5h37-fv8m","2025-11-17T17:30:32Z","https://github.com/bcgov/bcgov-wordpress-block-theme/security/dependabot/91"
90,"medium","js-yaml","npm","package-lock.json","transitive","development","js-yaml has prototype pollution in merge (<<)","CVE-2025-64718","GHSA-mh29-5h37-fv8m","2025-11-17T16:48:57Z","https://github.com/bcgov/bcgov-wordpress-block-theme/security/dependabot/90"
76,"medium","webpack-dev-server","npm","package-lock.json","transitive","development","webpack-dev-server users' source code may be stolen when they access a malicious web site with non-Chromium based browser","CVE-2025-30360","GHSA-9jgg-88mc-972h","2025-06-05T02:27:41Z","https://github.com/bcgov/bcgov-wordpress-block-theme/security/dependabot/76"
75,"medium","webpack-dev-server","npm","package-lock.json","transitive","development","webpack-dev-server users' source code may be stolen when they access a malicious web site","CVE-2025-30359","GHSA-4v9v-hfq4-rm2v","2025-06-05T02:27:41Z","https://github.com/bcgov/bcgov-wordpress-block-theme/security/dependabot/75"
